title,url,subreddit,date,preview_text
Trump - Take America Back,https://old.reddit.com/r/trump/,r/trump,unknown,
,https://old.reddit.com/user/trump/,u/trump,unknown,
"35,000+ Tweets, No Self Awareness",https://old.reddit.com/r/TrumpCriticizesTrump/,r/TrumpCriticizesTrump,unknown,
The average Trump Supporter - Jubilee clipped the video and good on them,https://old.reddit.com/r/abanpreach/comments/1j8plvn/the_average_trump_supporter_jubilee_clipped_the/,r/abanpreach,16 days ago,These people are delusional.
Trump says he will label violence on Tesla dealerships as domestic terrorism,https://old.reddit.com/r/law/comments/1j90a1z/trump_says_he_will_label_violence_on_tesla/,r/law,16 days ago,
"Conservatives, are you excited about Donald Trump taking office?",https://old.reddit.com/r/Askpolitics/comments/1hrxcpb/conservatives_are_you_excited_about_donald_trump/,r/Askpolitics,2 months ago,"Do you believe he will fix inflation, immigration, housing crisis, etc? Are you a trump supporter (maga) or did you vote for him solely because he was the republican candidate?"
The Trump Administration Accidentally Texted Me Its War Plans,https://old.reddit.com/r/politics/comments/1jiuiu5/the_trump_administration_accidentally_texted_me/,r/politics,3 days ago,
Donald Trump's Gen Z popularity plunges,https://old.reddit.com/r/politics/comments/1ionqqk/donald_trumps_gen_z_popularity_plunges/,r/politics,1 month ago,
Trump has won. Hereâ€™s what we do now:,https://old.reddit.com/r/MtF/comments/1gktygh/trump_has_won_heres_what_we_do_now/,r/MtF,4 months ago,"At this point, itâ€™s over. Our discussion should be solely on what we can do from here given our new grim reality."
Trump Orders US Military to Plan Invasion of Panama to Seize Canal: Report,https://old.reddit.com/r/worldnews/comments/1jbk0x1/trump_orders_us_military_to_plan_invasion_of/,r/worldnews,12 days ago,
elderly women swooning over trump.,https://old.reddit.com/r/pics/comments/1jcif7d/elderly_women_swooning_over_trump/,r/pics,11 days ago,
Colorado's painting of Trump and his official portrait,https://old.reddit.com/r/pics/comments/1jj1u0f/colorados_painting_of_trump_and_his_official/,r/pics,2 days ago,
Trump signs election order calling for proof of U.S. citizenship to vote,https://old.reddit.com/r/news/comments/1jkbwnz/trump_signs_election_order_calling_for_proof_of/,r/news,1 day ago,
Jeffrey Goldberg releases more Trump Admin Signal messages,https://old.reddit.com/r/politics/comments/1jkbhzm/jeffrey_goldberg_releases_more_trump_admin_signal/,r/politics,1 day ago,
"The photographer who captured Trumpâ€™s head at this angle, ðŸ‘Œ",https://old.reddit.com/r/pics/comments/1jgod32/the_photographer_who_captured_trumps_head_at_this/,r/pics,6 days ago,
Trump threatens to send American citizens to El Salvador prison for Tesla vandalism,https://old.reddit.com/r/law/comments/1jggeml/trump_threatens_to_send_american_citizens_to_el/,r/law,6 days ago,
Donald Trump suggests US could join British Commonwealth,https://old.reddit.com/r/worldnews/comments/1jgl7zu/donald_trump_suggests_us_could_join_british/,r/worldnews,6 days ago,
Ukrainian ambassador to US when hearing Trump and Zelensky argue,https://old.reddit.com/r/WatchPeopleDieInside/comments/1j0gln4/ukrainian_ambassador_to_us_when_hearing_trump_and/,r/WatchPeopleDieInside,27 days ago,
Supreme Court Justice Amy Coney Barrett sees Trump and dies inside,https://old.reddit.com/r/WatchPeopleDieInside/comments/1j4sfop/supreme_court_justice_amy_coney_barrett_sees/,r/WatchPeopleDieInside,21 days ago,
Trump and Vance humiliate them selves infront of the world.,https://old.reddit.com/r/pics/comments/1j0el8r/trump_and_vance_humiliate_them_selves_infront_of/,r/pics,27 days ago,
