title,url
J. D. Vance carga contra Dinamarca en Groenlandia: “No ha hecho un buen trabajo” para mantener la seguridad de la isla,https://elpais.com/internacional/2025-03-28/j-d-vance-llega-a-groenlandia-para-reiterar-el-interes-de-ee-uu-en-controlar-la-isla-artica.html
Meloni indigna a la oposición al defender los ataques a Europa de la Administración Trump,https://elpais.com/internacional/2025-03-28/meloni-indigna-a-la-oposicion-al-defender-los-ataques-a-europa-de-la-administracion-trump.html
Petro se alía con Panamá para hacer frente a las deportaciones de Trump,https://elpais.com/america/2025-03-28/petro-se-alia-con-panama-para-hacer-frente-a-las-deportaciones-de-trump.html
No hay bien que por Trump no venga,https://elpais.com/eps/2025-03-01/no-hay-bien-que-por-trump-no-venga.html
Trump ordena una limpieza “ideológica” de los museos Smithsonian y una “restauración” de la historia de Estados Unidos,https://elpais.com/cultura/2025-03-28/trump-ordena-una-limpieza-ideologica-de-los-museos-smithsonian-y-una-restauracion-de-la-historia-de-estados-unidos.html
Canadá dialoga con EE UU tras anunciar el fin de su “relación histórica”,https://elpais.com/internacional/2025-03-28/canada-dialoga-con-ee-uu-tras-anunciar-el-fin-de-su-relacion-historica.html
Trump lleva al Supremo el freno a las deportaciones de venezolanos a El Salvador,https://elpais.com/internacional/2025-03-28/trump-lleva-al-supremo-el-freno-a-las-deportaciones-de-venezolanos-a-el-salvador.html
Trump exige más beneficios por los minerales de Ucrania y la devolución con intereses de la ayuda aportada,https://elpais.com/internacional/2025-03-28/trump-exige-mas-beneficios-por-los-minerales-de-ucrania-y-la-devolucion-con-intereses-de-la-ayuda-aportada.html
El Gobierno de Trump pide a España elevar el gasto en defensa en el primer contacto bilateral,https://elpais.com/espana/2025-03-28/el-gobierno-de-trump-pide-a-espana-elevar-el-gasto-en-defensa-en-el-primer-contacto-bilateral.html
"Frente a los aranceles y el expansionismo de Trump, China quiere encandilar al mundo con diálogo y diplomacia",https://elpais.com/internacional/2025-03-28/frente-a-los-aranceles-y-el-expansionismo-de-trump-china-quiere-encandilar-al-mundo-con-dialogo-y-diplomacia.html
Cómo la política de Trump sobre IA beneficiará a las grandes empresas,https://elpais.com/tecnologia/2025-03-04/como-la-politica-de-trump-sobre-ia-beneficiara-a-las-grandes-empresas.html
"Gran televisión, según Donald Trump",https://elpais.com/television/2025-03-04/gran-television-segun-donald-trump.html
Minianálisis de cómo los aranceles de Trump impactan en la industria automotriz europea,https://elpais.com/expres/2025-03-28/minianalisis-de-como-los-aranceles-de-trump-impactan-en-la-industria-automotriz-europea.html
Un juez ordena al Gobierno de Trump conservar los mensajes en Signal sobre los planes de bombardeo en Yemen,https://elpais.com/internacional/2025-03-28/un-juez-ordena-al-gobierno-de-trump-conservar-los-mensajes-en-signal-sobre-los-planes-de-bombardeo-en-yemen.html
Los aranceles de Trump a los coches asestan un golpe a una industria europea ya con problemas y se ceban con Alemania,https://elpais.com/internacional/2025-03-28/los-aranceles-de-trump-a-los-coches-asestan-un-golpe-a-una-industria-europea-ya-con-problemas-y-se-ceban-con-alemania.html
Trump ordena una limpieza “ideológica” de los museos Smithsonian y una “restauración” de la historia de Estados Unidos,https://elpais.com/cultura/2025-03-28/trump-ordena-una-limpieza-ideologica-de-los-museos-smithsonian-y-una-restauracion-de-la-historia-de-estados-unidos.html
Meloni indigna a la oposición al defender los ataques a Europa de la Administración Trump,https://elpais.com/internacional/2025-03-28/meloni-indigna-a-la-oposicion-al-defender-los-ataques-a-europa-de-la-administracion-trump.html
"Frente a los aranceles y el expansionismo de Trump, China quiere encandilar al mundo con diálogo y diplomacia",https://elpais.com/internacional/2025-03-28/frente-a-los-aranceles-y-el-expansionismo-de-trump-china-quiere-encandilar-al-mundo-con-dialogo-y-diplomacia.html
J. D. Vance carga contra Dinamarca en Groenlandia: “No ha hecho un buen trabajo” para mantener la seguridad de la isla,https://elpais.com/internacional/2025-03-28/j-d-vance-llega-a-groenlandia-para-reiterar-el-interes-de-ee-uu-en-controlar-la-isla-artica.html
Los aranceles de Trump a los coches asestan un golpe a una industria europea ya con problemas y se ceban con Alemania,https://elpais.com/internacional/2025-03-28/los-aranceles-de-trump-a-los-coches-asestan-un-golpe-a-una-industria-europea-ya-con-problemas-y-se-ceban-con-alemania.html
Petro se alía con Panamá para hacer frente a las deportaciones de Trump,https://elpais.com/america/2025-03-28/petro-se-alia-con-panama-para-hacer-frente-a-las-deportaciones-de-trump.html
No hay bien que por Trump no venga,https://elpais.com/eps/2025-03-01/no-hay-bien-que-por-trump-no-venga.html
Canadá dialoga con EE UU tras anunciar el fin de su “relación histórica”,https://elpais.com/internacional/2025-03-28/canada-dialoga-con-ee-uu-tras-anunciar-el-fin-de-su-relacion-historica.html
Trump lleva al Supremo el freno a las deportaciones de venezolanos a El Salvador,https://elpais.com/internacional/2025-03-28/trump-lleva-al-supremo-el-freno-a-las-deportaciones-de-venezolanos-a-el-salvador.html
Trump exige más beneficios por los minerales de Ucrania y la devolución con intereses de la ayuda aportada,https://elpais.com/internacional/2025-03-28/trump-exige-mas-beneficios-por-los-minerales-de-ucrania-y-la-devolucion-con-intereses-de-la-ayuda-aportada.html
El Gobierno de Trump pide a España elevar el gasto en defensa en el primer contacto bilateral,https://elpais.com/espana/2025-03-28/el-gobierno-de-trump-pide-a-espana-elevar-el-gasto-en-defensa-en-el-primer-contacto-bilateral.html
Cómo la política de Trump sobre IA beneficiará a las grandes empresas,https://elpais.com/tecnologia/2025-03-04/como-la-politica-de-trump-sobre-ia-beneficiara-a-las-grandes-empresas.html
Un juez ordena al Gobierno de Trump conservar los mensajes en Signal sobre los planes de bombardeo en Yemen,https://elpais.com/internacional/2025-03-28/un-juez-ordena-al-gobierno-de-trump-conservar-los-mensajes-en-signal-sobre-los-planes-de-bombardeo-en-yemen.html
"Ojo con los chats, que los carga el diablo",https://elpais.com/opinion/2025-03-28/ojo-con-los-chats-que-los-carga-el-diablo.html
Trump lleva al Supremo el freno a las deportaciones de venezolanos a El Salvador,https://elpais.com/internacional/2025-03-28/trump-lleva-al-supremo-el-freno-a-las-deportaciones-de-venezolanos-a-el-salvador.html
Trump resta importancia a la filtración de planes militares de Estados Unidos en un chat,https://elpais.com/internacional/2025-03-25/trump-resta-importancia-a-la-filtracion-de-planes-militares-de-estados-unidos-en-un-grupo-de-redes-sociales.html
“Patéticos” y “gorrones”: Europa constata el desprecio de la nueva Casa Blanca con la filtración del chat del equipo de Trump,https://elpais.com/internacional/2025-03-26/pateticos-y-gorrones-europa-constata-el-desprecio-de-la-nueva-casa-blanca-con-la-filtracion-del-chat-del-equipo-de-trump.html
‘The Atlantic’ publica nuevos textos con datos clave de la charla filtrada sobre los planes de guerra de EE UU,https://elpais.com/internacional/2025-03-26/the-atlantic-publica-nuevos-textos-con-datos-clave-de-la-charla-filtrada-sobre-los-planes-de-guerra-de-ee-uu.html
Los demócratas exigen el cese del jefe del Pentágono por el escándalo de la divulgación de planes militares en un chat,https://elpais.com/internacional/2025-03-26/los-democratas-exigen-el-cese-del-jefe-del-pentagono-por-el-escandalo-de-la-divulgacion-de-planes-militares-en-un-chat.html
Desaparecen archivos del teléfono del exmilitar español que espió a Assange para la CIA,https://elpais.com/internacional/2024-06-19/desaparecen-archivos-del-telefono-del-exmilitar-espanol-que-espio-a-assange-para-la-cia.html
El Gobierno de Trump discute planes secretos de guerra en un chat en el que incluyó por error a un periodista,https://elpais.com/internacional/2025-03-24/el-gobierno-de-trump-discute-plantes-secretos-de-guerra-en-un-chat-en-el-que-incluyo-por-error-a-un-periodista.html
Los jóvenes ‘queer’ africanos se movilizan ante la ola de homofobia en el continente,https://elpais.com/planeta-futuro/2025-03-12/los-jovenes-queer-africanos-se-movilizan-ante-la-ola-de-homofobia-en-el-continente.html
Así hemos contado la victoria del Atlético de Madrid frente al Dortmund en la Champions,https://elpais.com/deportes/futbol/2024-04-10/atletico-de-madrid-borussia-dortmund-en-directo-la-champions-league-en-vivo.html
Así te hemos contado la victoria del Barcelona ante el Borussia Dortmund,https://elpais.com/deportes/futbol/2024-12-11/borussia-dortmund-barcelona-en-directo-el-partido-de-la-champions-league-en-vivo.html
Así le hemos contado la derrota del Atlético ante el Dortmund en Alemania,https://elpais.com/deportes/futbol/2024-04-16/borussia-dortmund-atletico-de-madrid-en-directo-los-cuartos-de-final-de-la-champions-league-en-vivo.html
Así hemos contado la goleada de Portugal sobre Turquía en la fase de grupos de la Eurocopa,https://elpais.com/deportes/eurocopa-futbol/2024-06-22/turquia-portugal-en-directo-el-partido-de-la-eurocopa-en-vivo.html
"Carissa Véliz: “La empatía, la atención, la verdadera comunicación y el contacto humano nos convierten en irreemplazables”",https://elpais.com/tecnologia/branded/inteligencia-artificial/2024-06-27/carissa-veliz-la-empatia-la-atencion-la-verdadera-comunicacion-y-el-contacto-humano-nos-convierten-en-irreemplazables.html
"Carissa Véliz, filósofa: “Si quieres tener una buena fiesta, pide a tus amigos que no hagan fotos”",https://elpais.com/ideas/2024-06-14/carissa-veliz-filosofa-si-quieres-tener-una-buena-fiesta-pide-a-tus-amigos-que-no-tomen-fotos.html
DeepSeek te espía y las otras también,https://elpais.com/opinion/2025-02-10/deepseek-te-espia-y-las-otras-tambien.html
Nouvel guarda en el cajón el proyecto de la Torre Signal,https://elpais.com/diario/2010/03/19/cultura/1268953202_850215.html
La Fiscalía del Supremo deriva a la Audiencia Nacional la investigación contra Alvise,https://elpais.com/espana/2024-10-22/la-fiscalia-del-supremo-deriva-a-la-audiencia-nacional-la-investigacion-contra-alvise.html
Los aranceles de Trump a los coches asestan un golpe a una industria europea ya con problemas y se ceban con Alemania,https://elpais.com/internacional/2025-03-28/los-aranceles-de-trump-a-los-coches-asestan-un-golpe-a-una-industria-europea-ya-con-problemas-y-se-ceban-con-alemania.html
El Gobierno de Trump pide a España elevar el gasto en defensa en el primer contacto bilateral,https://elpais.com/espana/2025-03-28/el-gobierno-de-trump-pide-a-espana-elevar-el-gasto-en-defensa-en-el-primer-contacto-bilateral.html
Minianálisis de cómo los aranceles de Trump impactan en la industria automotriz europea,https://elpais.com/expres/2025-03-28/minianalisis-de-como-los-aranceles-de-trump-impactan-en-la-industria-automotriz-europea.html
"Frente a los aranceles y el expansionismo de Trump, China quiere encandilar al mundo con diálogo y diplomacia",https://elpais.com/internacional/2025-03-28/frente-a-los-aranceles-y-el-expansionismo-de-trump-china-quiere-encandilar-al-mundo-con-dialogo-y-diplomacia.html
El sector agrícola pide a la UE “beligerancia” contra los aranceles de Trump,https://elpais.com/economia/2025-03-04/el-sector-agricola-pide-a-la-ue-beligerancia-contra-los-aranceles-de-trump.html
El ministro de Industria asegura que España llegará al 2% del PIB en defensa “este año” pero luego se desdice,https://elpais.com/espana/catalunya/2025-03-28/el-ministro-de-industria-asegura-que-espana-llegara-al-2-del-pib-en-defensa-este-ano.html
Trump endurece la guerra comercial con aranceles del 25% a los coches no fabricados en Estados Unidos,https://elpais.com/internacional/2025-03-26/trump-anunciara-este-miercoles-aranceles-a-la-importacion-coches.html
Canadá dialoga con EE UU tras anunciar el fin de su “relación histórica”,https://elpais.com/internacional/2025-03-28/canada-dialoga-con-ee-uu-tras-anunciar-el-fin-de-su-relacion-historica.html
Meloni indigna a la oposición al defender los ataques a Europa de la Administración Trump,https://elpais.com/internacional/2025-03-28/meloni-indigna-a-la-oposicion-al-defender-los-ataques-a-europa-de-la-administracion-trump.html
El caos como doctrina económica,https://elpais.com/opinion/2025-03-06/el-caos-como-doctrina-economica.html
Los fabricantes de coches se desploman en Bolsa por los aranceles de Trump,https://elpais.com/economia/2025-03-27/los-fabricantes-de-coches-se-desploman-en-bolsa-por-los-aranceles-de-trump.html
El primer ministro de Canadá dice que la relación histórica con Estados Unidos “ha terminado”,https://elpais.com/internacional/2025-03-27/el-primer-ministro-de-canada-dice-que-la-antigua-relacion-con-estados-unidos-ha-terminado.html
Trump rebaja el alcance de los aranceles a anunciar el 2 de abril,https://elpais.com/internacional/2025-03-24/trump-rebaja-el-alcance-de-los-aranceles-a-anunciar-el-2-de-abril.html
Trump aplaza un mes los aranceles del sector del automóvil a México y Canadá,https://elpais.com/internacional/2025-03-05/trump-decidira-este-miercoles-si-alivia-los-aranceles-impuestos-a-mexico-y-canada.html
Planas insta a adoptar “inmediatamente” medidas con “extrema firmeza” en caso de aranceles de Estados Unidos,https://elpais.com/economia/2025-03-05/planas-insta-a-adoptar-inmediatamente-medidas-con-extrema-firmeza-en-caso-de-aranceles-de-estados-unidos.html
Putin propone sustituir a Zelenski por un Gobierno temporal auspiciado por la ONU y EE UU,https://elpais.com/internacional/2025-03-28/putin-propone-sustituir-a-zelenski-por-un-gobierno-temporal-auspiciado-por-la-onu-y-ee-uu.html
La casa de los europeos,https://elpais.com/opinion/2025-03-28/la-casa-de-los-europeos.html
Guerra de Rusia y Ucrania - 22 de marzo,https://elpais.com/internacional/2025-03-22/ultimas-noticias-de-la-guerra-de-ucrania-y-rusia-en-directo.html
"El alto el fuego en infraestructuras energéticas, un pacto roto desde el primer día",https://elpais.com/internacional/2025-03-28/el-alto-el-fuego-en-infraestructuras-energeticas-un-pacto-roto-desde-el-primer-dia.html
Trump exige más beneficios por los minerales de Ucrania y la devolución con intereses de la ayuda aportada,https://elpais.com/internacional/2025-03-28/trump-exige-mas-beneficios-por-los-minerales-de-ucrania-y-la-devolucion-con-intereses-de-la-ayuda-aportada.html
Guerra de Rusia y Ucrania — 10 de marzo,https://elpais.com/internacional/2025-03-10/ultima-hora-de-la-guerra-de-rusia-y-ucrania-en-directo.html
Guerra de Ucrania y Rusia - 27 de marzo de 2025,https://elpais.com/internacional/2025-03-27/ultima-hora-de-la-guerra-de-rusia-y-ucrania-en-directo.html
Guerra de Rusia y Ucrania — 6 de marzo,https://elpais.com/internacional/2025-03-06/ultima-hora-de-la-guerra-de-rusia-y-ucrania-en-directo.html
Guerra de Rusia y Ucrania - 19 de marzo,https://elpais.com/internacional/2025-03-19/ultimas-noticias-de-la-guerra-de-ucrania-y-rusia.html
Guerra de Rusia y Ucrania — 9 de marzo,https://elpais.com/internacional/2025-03-09/ultima-hora-de-la-guerra-de-rusia-y-ucrania-en-directo.html
Francia ve la respuesta militar europea en Ucrania como un “laboratorio de una OTAN pos-Trump”,https://elpais.com/internacional/2025-03-28/francia-ve-la-respuesta-militar-europea-en-ucrania-como-un-laboratorio-de-una-otan-pos-trump.html
Guerra de Rusia y Ucrania — 28 de febrero de 2025,https://elpais.com/internacional/2025-02-28/ultima-hora-de-la-guerra-de-rusia-y-ucrania-en-directo.html
Guerra de Ucrania y Rusia - 26 de marzo de 2025,https://elpais.com/internacional/2025-03-26/ultima-hora-de-la-guerra-de-rusia-y-ucrania-en-directo.html
Guerra de Rusia y Ucrania — 5 de marzo de 2025,https://elpais.com/internacional/2025-03-05/ultima-hora-de-la-guerra-de-rusia-y-ucrania-en-directo.html
Trump rompe el tabú de la negociación por los territorios de Ucrania,https://elpais.com/internacional/2025-03-18/trump-rompe-el-tabu-de-la-negociacion-por-los-territorios-de-ucrania.html
Guerra de Rusia y Ucrania — 13 de marzo,https://elpais.com/internacional/2025-03-13/ultima-hora-de-la-guerra-de-rusia-y-ucrania-en-directo.html
Guerra de Rusia y Ucrania — Resumen del 16 de marzo,https://elpais.com/internacional/2025-03-16/ultima-hora-de-la-guerra-de-rusia-y-ucrania-en-directo.html
Conflicto en Oriente Próximo: resumen del 28/03/2025,https://elpais.com/internacional/2025-03-28/ultimas-noticias-de-la-guerra-de-rusia-y-ucrania.html
Desconcierto en Ucrania ante la propuesta de Trump de tomar el control de sus centrales nucleares,https://elpais.com/internacional/2025-03-21/desconcierto-en-ucrania-ante-la-propuesta-de-trump-de-tomar-el-control-de-sus-centrales-nucleares.html
Petro se alía con Panamá para hacer frente a las deportaciones de Trump,https://elpais.com/america/2025-03-28/petro-se-alia-con-panama-para-hacer-frente-a-las-deportaciones-de-trump.html
Trump lleva al Supremo el freno a las deportaciones de venezolanos a El Salvador,https://elpais.com/internacional/2025-03-28/trump-lleva-al-supremo-el-freno-a-las-deportaciones-de-venezolanos-a-el-salvador.html
Meloni indigna a la oposición al defender los ataques a Europa de la Administración Trump,https://elpais.com/internacional/2025-03-28/meloni-indigna-a-la-oposicion-al-defender-los-ataques-a-europa-de-la-administracion-trump.html
"Trump y Bukele, la crueldad es el mensaje",https://elpais.com/opinion/2025-03-22/trump-y-bukele-la-crueldad-es-el-mensaje.html
Trump ordena una limpieza “ideológica” de los museos Smithsonian y una “restauración” de la historia de Estados Unidos,https://elpais.com/cultura/2025-03-28/trump-ordena-una-limpieza-ideologica-de-los-museos-smithsonian-y-una-restauracion-de-la-historia-de-estados-unidos.html
Tiger Woods confirma su relación con Vanessa Trump: “¡El amor está en el aire!”,https://elpais.com/gente/2025-03-24/tiger-woods-confirma-su-relacion-con-vanessa-trump-el-amor-esta-en-el-aire.html
Un juez ordena al Gobierno de Trump conservar los mensajes en Signal sobre los planes de bombardeo en Yemen,https://elpais.com/internacional/2025-03-28/un-juez-ordena-al-gobierno-de-trump-conservar-los-mensajes-en-signal-sobre-los-planes-de-bombardeo-en-yemen.html
J. D. Vance carga contra Dinamarca en Groenlandia: “No ha hecho un buen trabajo” para mantener la seguridad de la isla,https://elpais.com/internacional/2025-03-28/j-d-vance-llega-a-groenlandia-para-reiterar-el-interes-de-ee-uu-en-controlar-la-isla-artica.html
La amenaza de nuevas sanciones y la guerra comercial de Trump golpean de lleno la economía venezolana,https://elpais.com/america/2025-03-28/la-amenaza-de-nuevas-sanciones-y-la-guerra-comercial-de-trump-golpean-de-lleno-la-economia-venezolana.html
El presidente del Supremo de EE UU planta cara a Trump en un choque institucional por las deportaciones,https://elpais.com/internacional/2025-03-18/el-presidente-del-supremo-de-ee-uu-planta-cara-a-trump-en-un-choque-institucional-por-las-deportaciones.html
Un grupo de abogados pide al Supremo de El Salvador liberar a los venezolanos de la megaprisión de Bukele,https://elpais.com/america/2025-03-25/un-grupo-de-abogados-pide-al-supremo-de-el-salvador-liberar-a-los-venezolanos-del-cecot.html
Las deportaciones de Trump golpean Venezuela: de la indignación del chavismo a los temores de la oposición,https://elpais.com/america/2025-03-26/las-deportaciones-de-trump-golpean-venezuela-de-la-indignacion-del-chavismo-a-los-temores-de-la-oposicion.html
La deriva autoritaria de Trump pone a Estados Unidos al borde de una crisis constitucional,https://elpais.com/internacional/2025-03-23/la-deriva-autoritaria-de-trump-pone-a-estados-unidos-al-borde-de-una-crisis-constitucional.html
"Una cárcel con salida al mar para los expulsados de Trump: “Ni nos quieren, ni nos dejan ir”",https://elpais.com/america/2025-03-02/una-carcel-con-salida-al-mar-para-los-expulsados-de-trump-ni-nos-quieren-ni-nos-dejan-ir.html
Las deportaciones de Trump que no hacen ruido: procesos administrativos automáticos o abuelas expulsadas en secreto,https://elpais.com/internacional/2025-03-24/las-deportaciones-de-trump-que-no-hacen-ruido-procesos-administrativos-automaticos-o-abuelas-expulsadas-en-secreto.html
"Muere a los 58 años Sergio Cisneros ‘Kiskilla’, antiguo teclista de Mägo de Oz",https://elpais.com/cultura/2025-03-07/muere-a-los-58-anos-sergio-cisneros-kiskilla-antiguo-teclista-de-mago-de-oz.html
Trump ordena una limpieza “ideológica” de los museos Smithsonian y una “restauración” de la historia de Estados Unidos,https://elpais.com/cultura/2025-03-28/trump-ordena-una-limpieza-ideologica-de-los-museos-smithsonian-y-una-restauracion-de-la-historia-de-estados-unidos.html
"Bienvenidos a ‘MAGA, D. C.’: Trump lanza su venganza contra Washington",https://elpais.com/internacional/2025-03-02/bienvenidos-a-maga-d-c-trump-lanza-su-venganza-contra-washington.html
"Belén Esteban, emocionada tras su fichaje por TVE: “Nos lo merecíamos todos. Mi madre hoy es la persona más feliz del mundo”",https://elpais.com/gente/2025-03-28/belen-esteban-emocionada-tras-su-fichaje-por-tve-nos-lo-mereciamos-todos-mi-madre-hoy-es-la-persona-mas-feliz-del-mundo.html
"Comunistas trumpistas, así es la corriente antiimperialista de los MAGA",https://elpais.com/eps/2024-09-10/comunistas-trumpistas-asi-es-la-corriente-antiimperialista-de-los-maga.html
